id,market_cap,total_volume,fully_diluted_valuation,market_cap_rank,volume_gate,up_depth_gate,down_depth_gate,spread_pct_gate,volume_binance,up_depth_binance,down_depth_binance,spread_pct_binance,volume_bybit,up_depth_bybit,down_depth_bybit,spread_pct_bybit,volume_okx,up_depth_okx,down_depth_okx,spread_pct_okx,volume_kucoin,up_depth_kucoin,down_depth_kucoin,spread_pct_kucoin,volume_coinbase,up_depth_coinbase,down_depth_coinbase,spread_pct_coinbase
usdd,724526783,20401728.0,,57,957719.96379473,8092.03053657938,9989.69081763012,0.122451,,,,,8440.81,2841.39092628155,15119.2307474192,0.090117,,,,,70528.3519,18088.5642543921,15027.8221971339,0.330529,,,,
thorchain,700458886,150872848.0,1164711639.0,58,,,,,12388494.0,263754.826135982,329519.475964713,0.042808,22294.88,1030.27690152142,9727.03158380713,0.722006,,,,,,,,,,,,
thorchain,700458886,150872848.0,1164711639.0,58,,,,,12448387.8,312147.966559476,376664.824312687,0.042753,22294.88,1030.27690152142,9727.03158380713,0.722006,,,,,,,,,,,,
theta-token,651118774,14855451.0,651118774.0,64,96120.189220057,34605.6094411791,30756.8770918123,0.181488,3915436.4,68093.5701344867,171619.999506601,0.15361,56829.75,1690.6144645292,7003.43632909437,0.153257,1662035.637885,25612.3773014787,31868.0982406391,0.045858,350571.0898,57536.0290762398,80539.2222662443,0.030586,,,,
paxos-standard,483947093,2880671.0,483947093.0,81,,,,,318073.0,1612842.85199131,555884.081256697,0.010001,,,,,,,,,2544.76,5154.70697085629,24366.2886142579,0.228878,1386.41,2829.620316,10814.563455,0.270297
paxos-standard,483947093,2880671.0,483947093.0,81,,,,,318073.0,1612842.85199131,555884.081256697,0.010001,,,,,,,,,2544.76,5154.70697085629,24377.3178419785,0.228878,1386.41,2829.620316,10814.563455,0.270297
rocket-pool,479839086,3972876.0,479839086.0,83,4869.95006838,17715.0823932066,23510.6118717959,0.135752,19469.41,27917.0061408785,40595.9714123243,0.124172,1439.13,8380.95804841566,11796.1017581124,0.216809,1476.7807,2460.6975279432,14706.108919572,0.206101,1690.3267,16323.5386239626,23660.0826052193,0.164609,4040.854,10850.21898,24993.83268,0.246609
iota,456110747,10397336.0,703894687.0,88,168948.08384933,2780.18481865235,5054.91045605969,0.016526,11011673.0,59340.1900837021,82247.00690437,0.131406,,,,,1442392.81316,26656.5921570305,35750.5728366591,0.196464,144927.9858,18773.6009456106,19002.8854336102,0.130634,,,,
iota,456110747,10397336.0,703894687.0,88,168948.08384933,2780.18481865235,5054.91045605969,0.016526,11011673.0,59340.1900837021,82247.00690437,0.131406,,,,,1442392.81316,26656.5921570305,35750.5728366591,0.196464,144927.9858,18773.6009456106,19002.8854336102,0.130634,,,,
bittorrent,379533830,16655051.0,394923183.0,99,,,,,1809079945060.0,164051.238875799,540291.876581542,2.5,17507310569.0,1181.30949345502,1456.3165072014,0.75,809766828826.0,10633.7669138326,14758.4363785523,0.050213,89783354167.92421,4174.5129689931,1623.66659400083,0.20025,,,,
huobi-token,374981860,17089936.0,472943719.0,100,99088.126319507,11089.5233821329,18079.6463470761,0.220218,,,,,,,,,,,,,2923.0853,127.405353126015,1204.75134577808,0.704973,,,,
wemix-token,347816065,3798863.0,1054726912.0,108,567657.23681089,34027.4066095981,4501.59942738877,0.046301,,,,,24878.413,3515.52280239233,1996.23950086013,0.580966,,,,,32658.2733,2915.40897309649,1921.37553542576,0.332471,,,,
nexo,342420619,1841792.0,611465380.0,110,42246.67496936,2374.62438112346,5104.91435632948,0.228348,792784.5,15091.2692251271,27903.0850007548,0.163666,1523.18,925.242705303865,854.851177041177,0.423177,,,,,,,,,,,,
apenft,328734727,13833399.0,332016516.0,111,,,,,,,,,2992867694.0,1101.92915860378,1446.63740801636,0.47976,1059886179157.0,15676.758965033,20551.2632657407,0.120048,51592462664.01,5181.71031585314,6008.76074641314,0.239449,,,,
fetch-ai,313392559,73560382.0,346290121.0,114,1799622.7005348,30359.7275101093,22404.135205294,0.088284,75106651.0,240357.81507254,244692.983219554,0.033014,919260.46,1901.88863434713,4319.92850281106,0.066138,,,,,5544233.6605,61082.6889950806,74310.2107200531,0.098103,18734749.2,323178.49531,280783.94994,0.098425
arweave,301908071,8227500.0,304425646.0,117,17757.150059181,19492.2567353404,28309.3906191741,0.19359,786563.78,35218.4882416268,141530.58922539,0.043535,4849.4,1413.14825875254,4823.74684944814,0.341629,130615.091817,43696.350618032,45791.6716658266,0.107852,29181.8969,6597.65882429457,13411.8811368484,0.043085,,,,
safepal,295874898,4312132.0,351534533.0,121,51604.728241416,12211.1408725492,8684.8408192109,0.496225,1702211.0,63386.4262537331,57146.7625023124,0.014273,,,,,,,,,22738.5104,1933.64450136855,5494.65196955755,0.01417,,,,
safepal,295874898,4312132.0,351534533.0,121,51604.728241416,12211.1408725492,8684.8408192109,0.496225,1702211.0,63386.4262537331,57146.7625023124,0.014273,,,,,,,,,22738.5104,1933.64450136855,5494.65196955755,0.01417,,,,
pancakeswap-token,283226400,25937206.0,924067835.0,122,84457.981651079,14142.0892165983,24558.6479768327,0.129157,3954631.57,95637.7497159434,123402.178234877,0.081103,50030.63,2209.30078417827,4717.28324491488,0.234685,,,,,42823.8485,18903.5261236197,26217.1006801164,0.241741,,,,
qtum,271659034,42093138.0,279280922.0,124,91350.579409356,22020.7317408873,25980.9881553062,0.07657,695033.4,43641.0392679239,106142.488954971,0.15444,9532.833,2702.10479235928,4140.15540395862,0.318386,300377.97297,46274.1561988315,53161.2328932433,0.038417,,,,,,,,
qtum,271659034,42093138.0,279280922.0,124,91350.579409356,22020.7317408873,25980.9881553062,0.07657,695033.4,43641.0392679239,106142.488954971,0.15444,9532.833,2702.10479235928,4140.15540395862,0.318386,300377.97297,46274.1561988315,53161.2328932433,0.038417,,,,,,,,
gnosis,266015454,1585611.0,308174912.0,126,321.64768631,1800.50832638734,2205.21822749403,0.347457,848.059,8627.54681858484,13005.7851962706,0.29098,,,,,,,,,,,,,126.0792,13046.621065,10026.143548,0.260141
oasis-network,257864043,15336565.0,512717696.0,130,7023045.5339576,24645.6726786769,23961.6237549812,0.113239,97118867.9,100266.723783706,128171.818906756,0.019501,3296103.38,1958.89972707236,4971.97813452969,0.233964,,,,,8119226.11510998,45867.0441975908,86225.8030698977,0.019425,7635352.0,68066.18197299998,89716.99658399998,0.07719
enjincoin,257597802,29607983.0,257597802.0,131,,,,,20371590.3,72177.1954688423,104338.803835997,0.038911,492665.19,2955.55436046863,3548.44876892667,0.081645,8498051.323,3408.64411885282,12633.3662936772,0.501505,1711617.5361,4562.66130425289,7358.29027215961,0.115652,1385819.06,25340.57020000001,44601.14708000001,0.381679
just,256366990,75862175.0,285105638.0,132,40262986.078814,17663.8092419366,32779.7058314242,0.104203,297540919.5,36095.1538162099,49728.7627931612,0.068871,226738.44,755.698617181857,1044.45052311607,0.311203,63833301.19435,14940.1636466944,34192.5700114417,0.0693,1866610.5339,3023.55027335667,8651.18060873529,0.177876,,,,
bitcoin-gold,255468933,3917032.0,306318995.0,133,1935.0675179612,244.598748058828,6944.1802654532,0.036721,,,,,294.917,656.637637725313,73.2283004989258,1.787354,,,,,,,,,,,,
nem,254360267,4374718.0,254360267.0,134,1267268.5399539,9579.2197432465,14972.1167891361,0.217781,26924445.0,112240.032867343,111517.288905805,0.141093,302725.51,1551.90775327483,1337.5804892606,0.24674,3162516.585033,9835.79767804096,7888.55408291931,0.246653,242974.3878,5439.7380320076,6324.16745028422,0.242522,,,,
celo,240696206,9233364.0,467285868.0,137,54319.460920951,37544.0616205206,43134.8244030997,0.226637,3909013.7,125870.256699511,169351.434713458,0.213675,38336.51,2696.32568345233,4966.1129787334,0.276772,1307834.818262,65066.5103096,55241.9727316466,0.085197,72204.6748,14766.6575393343,42556.7694833932,0.2331,177839.27,48346.56381,42183.99727999999,0.422833
loopring,235815362,23999625.0,260139415.0,139,265166.57713793,20500.9129051884,30725.1591941751,0.182026,19438573.0,83985.1480304553,149896.139591188,0.052798,40694.49,1416.44220172513,5483.20797413429,0.420168,1902387.594611,25542.3220290381,43107.0928187156,0.052411,156871.54597433,22837.1052414108,48157.6564802923,0.052329,5489807.161259,73274.74639729138,98853.4247607726,0.155925
holotoken,233836039,9138956.0,233836039.0,140,31873069.456927,9967.08394272148,10856.2156553501,0.226074,1157766156.0,70817.9349782423,152241.645686307,0.15186,3654638.1,2191.0255963262,3228.00838865097,0.30349,,,,,,,,,,,,
theta-fuel,232513611,4045818.0,232513611.0,141,804578.78933004,3247.8544123452,7012.04293854426,0.594434,11830427.0,14123.1735235189,25597.2451284453,0.108755,,,,,,,,,653443.2795,2744.59106366377,7275.60587140747,0.189548,,,,
ecomi,228386693,667216.0,632744903.0,143,32371191.194637,2438.28187310022,3732.46354577347,0.330735,,,,,,,,,34014182.525,5095.30890383907,2920.78940526105,0.296173,,,,,,,,
ankr,217525507,17999657.0,217525507.0,147,2755729.8055795,21825.2190590656,21771.7806620616,0.227687,110383475.4,86875.22433809,145907.295015609,0.045935,2958136.2,3022.68977696282,2893.82094652774,0.320807,,,,,1340837.3507,11552.0675747382,11353.8849141279,0.091199,12525568.0,70153.19702,107400.07734,0.136488
helium,217142980,1234873.0,336422307.0,148,104105.86673541,3568.26696580952,12148.3287732738,0.091701,,,,,21654.713,4454.21198926227,2042.18258668334,0.321227,37613.9684,4858.88246054138,15974.1348223823,0.131354,32817.1795,4670.16054278124,8595.23332880444,0.19685,64992.03,4391.12636,3929.78724,0.06592
defichain,215009571,9196394.0,339018176.0,149,141547.46798299,1082.41456421661,1333.38989862376,0.578279,,,,,208805.63,517.392353578293,1756.96383222689,0.668073,,,,,542784.759,8560.27480123,7022.65242842732,0.246479,,,,
golem,207971915,6262429.0,207971915.0,155,,,,,2190665.7,15003.6214703739,22252.3580602058,0.095923,,,,,363935.085588,4756.90371624193,12582.4836777882,0.810682,8735.3192,705.147806349384,4464.88836902737,0.334288,70765.3,6331.588140000001,7877.49234,0.28585
decred,202154191,2971309.0,272221810.0,158,4024.3473295955,1835.64115164303,6460.92366671911,0.773768,101148.034,9955.01759147854,37862.2599665317,0.308166,2090.616,401.3562089955,5422.5005150506,0.772657,6265.14855249,2061.46162118868,6441.91205464599,0.918133,,,,,,,,
baby-doge-coin,202132326,7662385.0,579598664.0,159,,,,,,,,,338096961533512.0,648.455865893412,2215.37044869381,0.217077,2032414514324563.0,20845.7038663316,22897.1508028942,0.145033,185345310344520.6,3967.69814442545,6493.2927665429,0.072202,,,,
icon,199046964,7280374.0,201641075.0,160,129769.96673774,14371.2939253928,22808.9722155245,0.337512,6196721.2,77706.9658261415,160386.734205135,0.048591,254170.95,1461.57900093637,3343.12122600634,0.198981,282843.677545,19613.4529668648,30902.8141889027,0.145068,362414.622,3719.6410587043,5848.66496119111,0.048309,,,,
wax,195141549,150275519.0,218432125.0,164,8453678.2833128,15988.6302601264,18737.4598785466,0.383234,489048595.0,62455.1563038598,115820.726440125,0.172712,1066178.88,2385.05707902376,4948.23785682777,1.548936,53539541.211989,14383.3436357808,30680.5976440109,0.137717,16862613.3987,10331.6180975998,21845.063906373,0.154057,,,,
oec-token,191487170,1179380.0,225310832.0,168,5090.4550437894,1558.5176319728,5509.50165098484,0.520882,,,,,,,,,43320.157559,7308.78646491703,21939.1922001494,0.186567,,,,,,,,
msol,184851679,1838702.0,184851679.0,173,,,,,,,,,,,,,,,,,,,,,795.194,1475.5455,11013.10465,3.401541
ravencoin,183408174,7427033.0,183405287.0,174,1837085.4952866,13663.8712813716,22228.1163345999,0.257235,72222507.6,20137.7668927281,42785.0269536589,0.065189,915673.3,2518.76141648578,4342.28668989613,0.12987,14359730.151201,22422.1236604489,29596.2167291115,0.064683,1863854.2562,10633.9562896397,8499.3789853685,0.064516,,,,
beldex,178573441,3734772.0,299753098.0,177,43754571.656667,108874.846977654,132564.341277204,0.304253,,,,,,,,,,,,,7420030.794,2366.69892881684,2187.31694962711,0.297128,,,,
kusama,172641737,16009010.0,192249278.0,181,1449.4324455928,16727.1665885288,23339.6571175408,0.309949,91599.882,34450.6179152016,68207.0721821219,0.052029,1879.645,2580.09437622669,5659.59000669179,0.351743,18025.625071,24280.2601322317,41455.2133178518,0.103734,1280.43,10015.9093365158,16802.5771693172,0.010517,7022.9606,19021.027789,21270.231955,0.154719
osmosis,171815931,9147402.0,275392824.0,182,108910.00935136,4574.02237668633,8821.073374258,0.540541,5433734.04,67592.5508457485,75758.792571052,0.108617,,,,,,,,,218745.3649,615.631429627241,1257.75492484506,0.180701,570274.05,14910.740605,10057.794316,0.395683
osmosis,171815931,9147402.0,275392824.0,182,108910.00935136,4574.02237668633,8821.073374258,0.540541,5442056.63,67592.5508457485,75758.792571052,0.108617,,,,,,,,,218745.3649,615.631429627241,1257.75492484506,0.180701,570274.05,14910.740605,10057.794316,0.395683
ontology,171036711,11461315.0,191084780.0,185,244756.72496631,13607.0420161048,22596.0963224659,0.15528,9500206.0,52654.3238742619,65633.076293495,0.104221,,,,,2236839.491134,18779.2673285279,34458.2024823863,0.051975,169738.6883,2637.55877124348,4888.17624228639,0.010356,,,,
siacoin,169574351,9760367.0,,186,10786190.724085,5430.41435279117,9333.5064838083,0.030331,182158633.0,19797.5208735428,40715.2045539387,0.121249,3386450.99,1143.91691216851,2461.15071929376,0.544959,26047700.96491,2914.84574259461,5681.75301569666,0.693189,,,,,,,,
tominet,169572848,32284487.0,245397305.0,187,6701590.494159,171816.899463217,277221.232553382,0.073047,,,,,1006548.03,3120.27638684357,14995.9708056358,0.048662,,,,,2161367.53469627,1924.96789795939,29846.8174518869,0.063006,,,,
link,163163192,371922.0,22389264144.0,190,1186.02544574,2971.03685769828,5069.49069337727,0.081121,,,,,,,,,,,,,,,,,,,,
link,163163192,371922.0,22389264144.0,190,1187.56624574,2795.23331939717,4864.89820776339,0.152919,,,,,,,,,,,,,,,,,,,,
canto,142694276,6868767.0,262414225.0,207,133356.7194834,91.8354609066997,379.524534830526,0.017749,,,,,,,,,,,,,,,,,,,,
gains-network,142457801,12797039.0,142457801.0,208,1106052.312728,250232.467537322,532377.35275225,0.12451,574617.51,50506.6590150635,23865.920567772,0.141777,6283.96,481.290688886229,1445.57256309723,0.555987,,,,,10447.9167,6013.70480924234,7690.66895317129,0.188147,,,,
harmony,136457124,16817093.0,145889791.0,213,7253905.114529,9260.49908206538,9954.98570624028,0.1606,382868098.7,25176.2303370463,35607.9621548529,0.090009,1309514.74,1049.50468712787,3257.86924244079,0.359389,9554340.465642,3189.88341472428,5706.09673381669,0.178891,41581392.1508,13806.3767667025,15393.9819208234,0.071327,,,,
wrapped-centrifuge,132430461,215165.0,,215,,,,,,,,,,,,,240601.402051,15617.0831863618,7091.89651178288,0.216802,,,,,165774.19,3038.04004,2771.07654,0.27027
lisk,132376918,3393305.0,,216,28981.356116792,4619.88132958918,4844.23779748611,0.815306,372406.8,25025.9614405114,19350.803949062,0.109409,,,,,25025.0638752,443.847986556027,5519.07076399017,0.317009,,,,,,,,
celsius-degree-token,122602925,7317904.0,200591386.0,226,,,,,,,,,297265.19,2994.74860414089,1376.33659842733,0.451389,20585088.8877,16753.4037023607,20001.1042415038,0.105263,,,,,,,,
tribe-2,122524680,174168.0,269275819.0,225,,,,,,,,,1104.49,114.870641499432,93.5846575720838,0.110497,,,,,,,,,,,,
bora,122371996,2412010.0,148478022.0,227,,,,,,,,,,,,,103227.6043,814.7946282447,467.461975948528,1.281025,,,,,,,,
ronin,120351511,1255374.0,454698134.0,230,62754.78855753,214.752539027633,776.48838346262,1.801997,,,,,,,,,137259.88465,3717.94173101168,3443.77568538252,0.197585,,,,,,,,
digibyte,118238739,2392611.0,149636407.0,234,,,,,104081519.0,33678.4325639724,75542.8994634824,0.140056,766071.12,1495.40716227154,1271.87391956544,0.447803,14183613.190837,5465.66107789609,9488.95904943677,0.027972,6430413.5775,10378.4658206703,17998.9778443803,0.139159,,,,
dao-maker,117169459,1326883.0,156685894.0,236,71281.620484679,2408.31443878128,2051.02157062364,0.458204,,,,,,,,,41779.347068,2128.52739356072,6074.36554578604,0.621118,41556.4284,2037.08279446573,12800.7183340147,0.425208,,,,
status,111848548,8189367.0,192177241.0,241,2381862.1349809,27682.6603092721,17503.2471951252,0.562193,31466060.0,34362.4448312853,43037.7719176251,0.140598,,,,,6926988.282297,22674.5180729031,24113.2403718373,0.246132,,,,,2013300.4,420.910126,468.645078,1.133546
uma,110777884,6802117.0,172238528.0,242,18987.960547197,12000.1786944419,12652.1578866556,0.200347,533314.7,48060.8024723194,42097.1731574202,0.067385,1220.237,326.984860076299,4395.23274581799,0.255445,76969.411043,14693.1027784693,18712.8389048096,0.133958,16183.2296,7017.98629706941,3684.69116577806,0.133869,72940.414,8955.843159,23081.36695499999,0.13289
terrausd,107701131,4976015.0,117365265.0,243,16566401.751525,32673.2181652186,29873.3448149234,0.198774,193077871.0,36442.3309083615,59573.1714976869,0.146593,1616640.41,799.208941691377,3018.26516085112,0.660066,,,,,16244634.2095,17567.6076634245,22460.920812666,0.08285,,,,
pundi-x-2,107062157,30167399.0,107062157.0,245,80920.39071079,8488.71897195559,7931.82568717979,0.420108,7460272.6,15997.8870213002,34429.7020274711,0.168715,,,,,,,,,103591.2894,2208.77875002197,7682.86918112219,0.45292,194183.07,6412.564975,6447.291042999998,0.524809
telcoin,106621343,643593.0,148305889.0,246,,,,,,,,,1455004.8,13.8060102413335,1739.21027300272,1.150982,,,,,170617155.1964,7222.1872658013,7726.00427287104,0.237539,,,,
safemoon-2,102341395,72793.0,183214961.0,255,179732749.81782,215.245429644228,6852.77034463022,0.327869,,,,,,,,,,,,,,,,,,,,
ssv-network,99659480,7724222.0,155795399.0,259,3282.42922699,19233.9357843785,22299.9610376623,0.109677,153944.944,56195.9501365717,57630.8416216446,0.071378,988.63,4368.83932599184,5733.9573976264,0.240586,58714.4958,19497.8107123284,26260.6412564089,0.070621,1553.768,2880.82059097241,6402.58601030623,0.21097,,,,
constellation-labs,94990326,313288.0,115445261.0,262,1269034.9116008,3326.48423505049,2711.43034327358,0.183318,,,,,,,,,,,,,4533430.0727,7128.93120169747,1336.9182696963,0.262187,,,,
deso,92949608,1855837.0,95387480.0,265,3157.04060689,601.504907123798,11699.9099004399,0.938354,,,,,,,,,,,,,,,,,8396.669,20033.40788,20225.8129,0.451977
bitkub-coin,92111589,480902.0,114037984.0,267,24349.01638698,407.77101668011,324.925310410316,0.537531,,,,,,,,,,,,,,,,,,,,
covalent,92070961,945431.0,148339698.0,269,864319.25252191,1041.91309238484,996.952406716108,0.476515,,,,,,,,,371015.705923,580.912436870766,498.329816826364,0.016793,235374.928,1415.24194069903,6607.5653363674,0.203252,,,,
amp-token,88145612,3500599.0,156174138.0,275,18737062.39202,8221.83363651424,9243.18711715273,0.063251,476696235.0,30770.3284897528,31135.7922208811,0.063492,,,,,,,,,23998114.8191,2382.46849415491,1736.75811042908,0.253165,145856907.0,36773.44304000001,48556.92861000002,0.625
milk-alliance,87086662,11413707.0,357503049.0,277,,,,,,,,,,,,,,,,,419583.8211,400.214287474855,511.331374939437,0.124092,,,,
everipedia,85161859,3416630.0,105058261.0,285,,,,,63119234.0,10290.1745730851,14807.4882750449,0.199203,,,,,2634720.667086,626.841472313936,2731.76885384038,0.811881,,,,,,,,
dexe,84466249,5395009.0,223325233.0,288,25824.542020046,1937.10279077369,6298.46429835498,0.47976,1030021.69,13886.6849355683,33948.4075890372,0.129646,,,,,,,,,109014.2789,7891.91955010372,4606.24679981757,0.249795,,,,
lukso-token,84312225,535216.0,541298673.0,290,5956.74635502,30.0001098569053,1394.12285177233,0.727369,,,,,,,,,,,,,,,,,,,,
vethor-token,81790652,1223528.0,,295,31918285.276175,2897.90569284682,10049.4701122969,0.612684,360741168.0,14810.0978448987,50692.8020220214,0.083822,,,,,,,,,,,,,66692149.0,9083.590595999998,27023.628516,0.166389
mass-vehicle-ledger,80669925,2149622.0,101886159.0,300,,,,,,,,,103142368.97,1528.80215994717,3435.55714267091,0.02907,,,,,,,,,,,,
prometeus,78692819,2036704.0,83004754.0,304,29034.911176176,5468.39394354835,8557.83060648451,0.295074,129676.92,21620.7784100741,102881.950550165,0.162262,,,,,,,,,23601.3766,3123.78880929436,2317.80205842827,0.231054,,,,
vega-protocol,78345291,506940.0,88449098.0,306,31196.19840756,334.553032874191,6172.21627077915,0.017299,,,,,11617.28,3819.73227644913,9998.94006834487,1.097145,,,,,79471.867,943.976690355048,4870.01591051318,0.283781,,,,
secret,73211911,1687669.0,77683482.0,317,149973.40510067,2878.51078440921,8413.01178479869,0.463954,2405494.1,16311.9720594162,26786.4359845132,0.214592,25898.59,2316.89177490424,1003.49907937732,0.107643,,,,,158707.6468,3228.4529078694,9585.14570920977,0.107296,,,,
sharering,69453171,75574.0,,324,,,,,,,,,,,,,,,,,22227888.2845,923.608033982773,1322.36489425096,0.37092,,,,
unibot,66155719,21655767.0,66155719.0,337,3456.06599002,942.717147077402,1706.04613094547,0.965513,,,,,,,,,,,,,,,,,,,,
bitrise-token,65868117,2030010.0,166464692.0,339,,,,,,,,,,,,,,,,,607494123936.7878,1215.71223348066,5595.06591276401,0.425791,,,,
wilder-world,65419186,459152.0,117875546.0,342,72879.825920566,2327.6244164017,3785.38460848457,0.042499,,,,,,,,,,,,,240452.8292,2827.4452167311,11112.6726684396,0.296485,,,,
ergo,65308306,326391.0,101964303.0,343,112867.78429041,3863.64049066363,1258.5846331865,0.133766,,,,,,,,,,,,,65278.1525,6747.58198881916,1927.75097575759,0.267482,,,,
smooth-love-potion,65232635,6228884.0,,344,41051249.075909,12119.6082851013,17252.3710693911,0.17039,692950602.0,26038.1595353869,23400.4118199561,0.063331,6783950.1,1647.9638912445,3865.42109603434,0.443319,103690352.592651,25525.856760703,24302.2024372807,0.188917,24006272.92456201,11979.4898805438,14782.3478771996,0.126183,,,,
constitutiondao,63994897,20755061.0,63994897.0,348,41044476.19008,29827.5346070938,30929.649814203,0.158378,416248443.1,124108.714130688,201582.300477954,0.079491,4565250.61,1840.66621529023,3178.72406306997,0.239425,358496963.634652,26798.9220274607,45185.862091267,0.095671,5298933.8673,7245.25927335319,8191.74167844277,0.158604,,,,
constitutiondao,63994897,20755061.0,63994897.0,348,41044476.19008,29827.5346070938,30929.649814203,0.158378,417949316.7,114917.708301909,157672.370958011,0.079554,4565250.61,1840.66621529023,3178.72406306997,0.239425,358496963.634652,26798.9220274607,45185.862091267,0.095671,5298933.8673,7245.25927335319,8191.74167844277,0.158604,,,,
syscoin,63832402,1415973.0,65589957.0,349,461298.18778735,8339.43693202105,12933.4347870702,0.572583,3778354.0,53470.1123184419,112989.93638809,0.113122,,,,,,,,,673492.396,1458.51741101176,7532.22651936528,0.112486,,,,
syscoin,63832402,1415973.0,65589957.0,349,461298.18778735,8339.43693202105,12933.4347870702,0.572583,3778354.0,53470.1123184419,112989.93638809,0.113122,,,,,,,,,673492.396,1458.51741101176,7532.22651936528,0.112486,,,,
pha,63581714,6182321.0,102603898.0,352,564606.8359451,2737.74384893933,9755.16134538897,0.387597,9243981.0,16950.4847888867,37721.9259357234,0.194932,,,,,624089.58126,1001.45118908884,8653.30980651164,0.283203,253831.9661,1957.70415632029,2917.05456345822,0.194175,,,,
bifrost,62516974,4385445.0,106939680.0,357,586710.14232755,31.0755281479705,544.838699348602,0.883197,,,,,,,,,,,,,1635214.8115,66.059060424608,165.038499104748,0.952381,,,,
spell-token,61251639,5110306.0,101848252.0,361,41146000.71214,13228.6555476415,12963.0631646751,0.122125,2248266915.0,108853.794864149,80192.2215218345,0.082186,12148890.8,1029.72859933746,2162.10042121347,0.465173,37643048.24536,8601.29841134702,10552.8310306474,0.142945,,,,,222876592.0,8312.962354700001,43439.44291160002,0.14277
marblex,60776527,2556799.0,616525028.0,363,33912.56690835,1565.10484662587,2606.09598359871,0.766096,,,,,87260.27,454.164783440789,1097.31535619873,0.165017,,,,,,,,,,,,
songbird,60629168,325410.0,74232570.0,364,9774913.8732435,595.248643330937,936.949478697729,0.479272,,,,,,,,,,,,,,,,,,,,
songbird,60629168,325410.0,74232570.0,364,9779089.8067788,590.534124903721,656.678494967712,0.479272,,,,,,,,,,,,,,,,,,,,
sun-token,59421406,14349667.0,122544277.0,368,220366589.53538,6386.01937751149,11311.0079110503,0.040483,40051248.0,7261.0477054997,11090.5532749918,0.162338,859407.04,874.475482268294,1367.98267376394,0.48646,21701158.349376,5176.04754746964,9016.64374307449,0.113599,13133309.9119,12293.119550877,22962.894443928,0.31688,,,,
everscale,58372940,161835.0,63390437.0,373,4481830.2064817,58212.1245055747,139825.549238547,1.066133,,,,,28545.67,17.9487006531737,123.236537500203,0.948905,,,,,373047.086,1162.16669706612,1055.62653997026,0.851621,,,,
verasity,57069606,11017827.0,614444615.0,380,461196765.76756,121155.270094546,163192.997561202,0.055472,,,,,11054949.04,3684.9494126503,3300.47655351491,0.270124,278981661.936969,16702.5134588943,48237.8726519621,0.108011,774392420.7395828,2772.0601506679,15103.3696048248,0.028764,,,,
bytom,55938956,237758.0,65238401.0,385,1062806.5988159,709.110899973121,1154.29195970537,0.628815,,,,,,,,,1255976.403759,1382.45118281169,2049.51869161773,0.49337,,,,,,,,
aergo,54137570,4653849.0,60828730.0,389,329409.10582031,5461.18127727872,3985.17069721882,0.880595,4764344.0,23333.0506929607,13653.2258989124,0.0815,,,,,644251.571191,1083.77651719484,5564.42720016241,0.810373,,,,,177449.8,7865.38565,7336.809249999999,0.405844
carry,53490131,9824638.0,53490131.0,396,4500205.0006225,7.00419377993236,516.636780228277,0.551541,,,,,,,,,,,,,,,,,,,,
saitama-inu,52969840,454438.0,118201999.0,398,15948584.001564,495.037938365896,1897.5712260876,0.031013,,,,,34413179.42,665.614292850953,143.473996588973,0.631419,18637101.58,1694.47200510611,2860.51050417502,1.442267,,,,,,,,
euler,52072071,432794.0,75751963.0,401,,,,,,,,,,,,,,,,,290.2125,185.658816766923,81.2091474088433,0.847458,,,,
paal-ai,52070912,694468.0,79992744.0,402,1527682.4563646,1611.55291668565,3365.41018170534,0.463479,,,,,,,,,,,,,,,,,,,,
gelato,51477356,95027.0,97831830.0,404,60687.83558306,2829.97837269324,3857.13588574082,0.429923,,,,,,,,,,,,,,,,,,,,
morpheus-network,51448180,269705.0,65677475.0,405,34295.01145966,497.646806862705,822.644129312058,0.569451,,,,,,,,,,,,,61946.7825,2438.39510465146,18549.1865817978,0.18701,,,,
efinity,50775210,93731.0,107146880.0,407,,,,,,,,,,,,,,,,,22239.4603,382.711016672805,50.2051579159762,1.235706,,,,
wazirx,50702735,926118.0,111064280.0,408,377302.52377222,7124.19729363903,6769.68875277584,0.44843,4182352.2,55132.9864399517,28813.4540043543,0.090416,,,,,,,,,71386.4376,837.170375357951,1134.79185184719,0.269784,,,,
gods-unchained,50683189,1867773.0,100854563.0,409,,,,,,,,,63723.55,1600.02688707576,2790.58920502835,0.733268,4207694.254823,21610.4972164844,27013.1741474232,0.148002,244924.6255,4363.67982295279,5003.16177838511,0.148002,1630277.34,8836.4791527,7421.303892700001,0.370278
dextools,49747347,93734.0,71979066.0,413,,,,,,,,,,,,,,,,,,,,,39992.9,3447.11023,4.030250000000001,0.787979
coinweb,49508409,136518.0,100439297.0,415,2778337.5922772,6429.13637399722,2851.22824923952,0.076834,,,,,,,,,,,,,5894642.825,6711.98193984055,8266.87707839069,0.308166,,,,
humans-ai,48424618,218955.0,78803285.0,420,,,,,,,,,,,,,,,,,18029743.2585,380.037461912036,8700.88951229757,0.2475,,,,
thunder-token,47567953,34042000.0,47567953.0,424,11982207.764391,781.497838742842,1037.31961067478,0.19578,,,,,,,,,,,,,18482927.1579,346.622466048632,292.166431843562,0.12973,,,,
orca,46568442,180207.0,108748809.0,430,,,,,,,,,,,,,,,,,,,,,57862.18,241.236018,3988.420031000001,0.881786
qanplatform,46429217,255416.0,68260517.0,431,1670235.8107423,1383.81161483301,318.664290852834,1.039024,,,,,,,,,,,,,,,,,,,,
oasys,45926012,606053.0,431830802.0,434,1534771.1585613,3840.9164624524,4508.73362060248,0.106669,,,,,284792.99,2827.35982654487,5484.31929393551,0.43243,1678651.97,8311.30816555753,8855.01047639616,0.171197,157121.729,2834.42568651788,4636.83286097596,0.161887,,,,
raydium,45781144,3625500.0,107093680.0,435,277594.92328967,2566.85624596873,8751.68212864162,0.36293,4448277.6,9569.24922850034,78841.3895835169,0.15544,,,,,89964.244181,753.371249459908,5340.88126105989,0.6157,,,,,,,,
raydium,45781144,3625500.0,107093680.0,435,278458.33745901,1720.66256919781,5854.3495704096,0.912613,4448277.6,9569.24922850034,78841.3895835169,0.15544,,,,,89964.244181,753.371249459908,5340.88126105989,0.6157,,,,,,,,
xyo-network,45444618,799720.0,45444618.0,439,10319328.545748,1157.44059504085,1327.96248167315,0.368098,,,,,,,,,,,,,9973910.9759,1102.16887173178,4787.92876807164,0.398406,121637600.7,14234.997733,6002.412322000002,0.307692
solo-coin,44456802,1159235.0,44546037.0,448,1189084.7697596,3610.4037718239,2219.34955990827,0.089158,,,,,1366187.98,3423.65943133488,6089.94795957108,0.053571,,,,,,,,,,,,
gmt-token,44436169,933094.0,44802541.0,449,834425.63717894,288.78451058439,148.618412385528,0.420892,,,,,,,,,,,,,,,,,,,,
perpetual-protocol,44011501,7435625.0,90920500.0,450,121220.32698329,19031.451471535,22636.1890658215,0.055513,3601054.6,113115.068611518,129624.665084097,0.016486,63138.89,5921.90949193197,8050.49136087661,0.230225,656136.016911,22796.4180526069,50900.9774113785,0.081967,55112.1045,10383.5590362225,2629.33184262265,0.081553,240039.128,45926.2513981,61584.2344051,0.097752
open-exchange-token,41168081,1347082.0,104231396.0,462,8592256.6756519,2367.70738525274,72.1229968285599,1.249761,,,,,,,,,,,,,,,,,,,,
seedify-fund,40686687,1263131.0,72397464.0,466,64936.31875845,2117.25045471644,1825.33186299365,0.4811,,,,,9847.85,745.963541595248,821.992872290557,1.570192,,,,,130016.0608,1552.5132158227,3261.25345597023,0.12344,,,,
aurora-near,40605981,7051454.0,110409445.0,479,20617707.068736,2159.19475883805,1003.34427686241,0.252101,,,,,,,,,,,,,9380271.2332,2727.96225238746,1396.92551428793,0.321027,32559851.36,5648.917450000001,5081.038640000001,0.763359
truefi,40410079,3700919.0,45361251.0,467,1966402.9284232,495323.961752391,510587.98839055,0.20165,53307729.0,116602.841185584,63384.3907217809,0.026469,,,,,,,,,1255489.38249386,2318.37508348497,2475.19835313163,0.157687,2551333.1,15430.72674,29277.65471,0.259067
meter,40388043,418284.0,85058514.0,468,,,,,,,,,,,,,,,,,64184.4344,155.258472420846,833.682010147047,0.676027,,,,
acala,39939154,3847662.0,77124327.0,469,1364454.7959779,8800.67809242836,9092.55161182119,0.143974,31849425.6,36737.33071087,75158.2022016406,0.207039,533034.58,2452.90089000554,2136.25824068024,0.619835,1445995.702143,8932.26459821572,3432.87386336942,0.24819,11412.8814,385.333918961158,19.5147972951143,0.10352,,,,
asd,38505245,1607434.0,38505245.0,478,289952.03749477,123.631090339679,417.699351247547,0.393701,,,,,,,,,,,,,38302.3813,86.1788030603829,45.3067662943097,0.216323,,,,
hello-labs,37774280,3394314.0,71097153.0,488,840017.35093883,8148.15974454371,1737.69491759053,0.097927,,,,,,,,,,,,,,,,,,,,
pocket-network,37629102,539500.0,39790095.0,490,1917989.8306288,1814.65514619627,1430.3109409993,0.404858,,,,,777531.2,715.601620003923,8.18044870211844,3.613979,,,,,1401041.8195,3855.46350259625,5816.28838117541,0.283745,,,,
platon-network,37192461,1367888.0,84752561.0,497,3776438.5484738,69.9114012907046,906.512514084303,0.239234,,,,,,,,,55275694.674742,2941.0113828684,4344.16601341051,0.084337,,,,,,,,
hshare,36981427,173957.0,,498,,,,,,,,,,,,,196051.097298,915.574268857931,983.936797285646,0.80341,,,,,,,,
chainge-finance,36754993,275413.0,66423093.0,499,339932.83479294,1082.43363004539,873.50638835125,0.480947,,,,,,,,,,,,,,,,,,,,
ceek,35463454,4086218.0,42689745.0,508,13559754.167789,4368.40068156129,6362.6665566737,0.04686,,,,,,,,,8415766.8959,6395.35514363533,5400.29693886203,0.352444,1260584.2629,1164.12226026673,7065.8678269602,0.02348,,,,
ceek,35463454,4086218.0,42689745.0,508,13559754.167789,4368.40068156129,6362.6665566737,0.04686,,,,,,,,,8415766.8959,6395.35514363533,5400.29693886203,0.352444,1260584.2629,1164.12226026673,7065.8678269602,0.02348,,,,
tenset,35404577,30856.0,35404577.0,509,103924.30577651,5.00343955150957,1005.80463619824,0.235294,,,,,,,,,,,,,,,,,,,,
moonriver,34378718,1622214.0,45694976.0,512,12001.32060691,9261.55654165862,10671.1499869509,0.479157,112238.351,84640.1123851278,44125.3259267096,0.193143,3421.65,1379.09669179162,406.574709720565,0.481928,11280.705465,2740.79160519083,5110.78922108689,0.241196,14828.31145871,3660.73798663721,9516.27957460542,0.14453,,,,
moonriver,34378718,1622214.0,45694976.0,512,12001.32060691,9261.55654165862,10671.1499869509,0.479157,112238.351,84640.1123851278,44125.3259267096,0.193143,3421.65,1379.09669179162,406.574709720565,0.481928,11280.705465,2740.79160519083,5110.78922108689,0.241196,14828.31145871,3660.73798663721,9516.27957460542,0.14453,,,,
aura-finance,34105089,279454.0,89328574.0,516,,,,,,,,,,,,,,,,,247.4875,1.29120427135656,49.3232701031859,0.691453,,,,
kilt-protocol,33761008,69639.0,76560723.0,519,104854.03236051,1349.36200494806,706.062817413933,0.685453,,,,,,,,,,,,,,,,,,,,
leash,32987653,979663.0,33024669.0,521,102.17382632,1425.43058864926,26.6606287757406,0.857152,,,,,,,,,127.661484,2367.60533056381,547.392960712446,0.226025,,,,,,,,
alexgo,32936369,745532.0,51913405.0,522,1036032.4510665,711.838961220726,1615.44472156165,0.165467,,,,,,,,,,,,,,,,,,,,
klever,32929729,1330421.0,36480542.0,523,8188042.086055,3250.94202542673,2029.41377049263,0.191257,,,,,,,,,,,,,23045112.3523,26820.4318725295,2285.46197419778,0.054675,,,,
reef,32240061,11473892.0,32240061.0,527,33178361.478133,11719.0882420587,12497.8733742003,0.253718,1021044520.0,131808.033118578,77896.6060405271,0.142146,,,,,,,,,15485893.6962,495.383938859147,3078.54284820137,0.06854,,,,
victoria-vr,32098075,511598.0,111021481.0,528,7849243.9817453,17.8219565547771,1603.80285667694,1.1994,,,,,,,,,,,,,23650554.8777,312.823988116043,482.25753269288,0.349597,,,,
unizen,31935619,274348.0,54156769.0,532,528765.65248001,87.5761294873384,587.576103278685,0.514044,,,,,,,,,,,,,1254737.887,890.896469500721,9564.39557665464,0.511977,,,,
route,30839429,898399.0,46239601.0,538,8731.1694065593,2016.2813714992,5033.81267132914,0.199031,,,,,,,,,,,,,235200.0436,4644.92408421335,11946.3413367957,0.146989,,,,
h2o-dao,30663232,422665.0,136243323.0,543,,,,,,,,,,,,,,,,,1739957.6995,481.480151386861,393.148858678135,0.729927,,,,
sommelier,30158520,72784.0,60403061.0,548,232981.18874842,252.642155862755,491.622363608052,0.592203,,,,,,,,,,,,,,,,,,,,
persistence,29966135,333242.0,65167304.0,550,206705.38665014,587.203616551372,173.382238443883,0.671141,,,,,,,,,,,,,86943.5615,438.692731641428,1714.170341968,0.491099,,,,
rally-2,29122146,729073.0,87159129.0,557,11378509.769915,2544.9770143705,7874.27397524631,0.309385,,,,,,,,,,,,,,,,,,,,
altura,29017458,606213.0,39912585.0,555,2990199.697923,277.152079334876,4158.7362674417,0.228749,,,,,,,,,,,,,,,,,,,,
polkastarter,29011477,1481489.0,29215568.0,559,124276.88920677,1474.64209777716,5991.68838738694,0.237691,849710.9,11213.826359371,25684.6425407783,0.273598,,,,,60991.353707,1336.17963645893,1319.58775777947,0.713315,116134.3053,2803.35282163607,3224.08220539383,0.169895,18386.54,3484.843507,3920.417801,0.478305
measurable-data-token,29010574,19671124.0,47846990.0,560,4364412.2537966,11391.3025928173,9256.03751032472,0.250052,,,,,,,,,13304036.011835,2484.02787634801,6054.37574805228,0.434693,,,,,18815490.0,16981.52367,47234.35178,0.154696
ampleforth,28045003,176659.0,34384477.0,566,,,,,,,,,,,,,,,,,7542.33,972.35364289422,7806.61837629196,0.414473,,,,
guild-of-guardians,27996691,181939.0,63590207.0,568,,,,,,,,,,,,,986755.162244,1826.74067179907,7850.60534645318,0.046926,,,,,,,,
cortex,27696712,3807018.0,38433434.0,572,,,,,5589966.0,78145.2384588257,38521.2871107291,0.156006,,,,,525825.696065,563.249688944533,8603.37541461202,0.155521,,,,,,,,
dia-data,27686825,5888774.0,50058623.0,573,246468.96546789,10874.2094558567,7993.30227424884,0.649788,1309514.1,84264.0021227711,49659.241323852,0.039936,,,,,359992.546384,1286.22161657668,9828.02294539013,0.159617,104640.7468,5311.38297649372,7946.49960263251,0.158983,56295.61,52473.4928538,49132.39523739999,0.359583
dia-data,27686825,5888774.0,50058623.0,573,246468.96546789,10874.2094558567,7993.30227424884,0.649788,1303789.4,84287.0681676481,33173.7630875786,0.11957,,,,,359992.546384,1286.22161657668,9828.02294539013,0.159617,104640.7468,5311.38297649372,7946.49960263251,0.158983,56295.61,52473.4928538,49132.39523739999,0.359583
quick,27657648,13677.87,45564494.0,574,,,,,,,,,,,,,,,,,22.5922,701.043616763234,307.497554738029,0.898036,183.8155,263.93852,558.6895569999999,0.134831
dione,27615582,1262158.0,29284616.0,575,238610890.86438,768.913577629183,893.329225765716,0.650213,,,,,,,,,,,,,,,,,,,,
star-atlas,27251309,2786473.0,68865450.0,577,132917519.31902,251.946485626317,4863.7036133844,0.192759,,,,,,,,,,,,,,,,,,,,
alchemix,26995852,1569515.0,37295729.0,578,,,,,75637.44,17012.5835270566,21634.917106562,0.074184,,,,,2564.621666,1729.62181460952,4284.21007193501,0.444115,,,,,4871.5828,14117.414325,10630.276195,0.37092
ufo-gaming,26904882,3521053.0,26904882.0,579,,,,,,,,,,,,,,,,,375258264968.6006,215.224854149389,3482.40599186445,0.867052,,,,
myria,26208342,2399855.0,149129401.0,585,181808291.43504,2371.88004348475,1608.03896230803,0.268007,,,,,,,,,249965550.59,1869.99312733093,2982.63104564805,0.033422,204259462.4197,6022.74553428309,2632.9007218618,0.033478,,,,
token-pocket,26163616,82051.0,44531149.0,587,2797237.2996088,51.735940539152,4960.12355890079,0.185751,,,,,,,,,,,,,,,,,,,,
quickswap,25941771,2274494.0,42737680.0,590,665308.17443914,2197.97417646448,7490.81846526419,0.585094,13686701.0,12527.7117704902,27275.771195862,0.093414,,,,,,,,,,,,,,,,
the-virtua-kolect,25824177,3182017.0,25956583.0,591,2279574.1865988,5912.4304283715,17580.94868533,0.448738,51817367.0,79011.0137534391,23128.8595635587,0.183824,,,,,,,,,4117216.3265,927.074265371323,5943.52397240725,0.275103,942985.0,3589.1236,4728.193980000001,0.231054
kardiachain,25531271,976243.0,26734316.0,593,2603285.3385388,2009.55660570328,3643.19263286779,0.184162,,,,,,,,,,,,,15983090.4291,50154.7645728878,23216.7262076701,0.011842,,,,
dopex,25411683,501077.0,47119980.0,597,,,,,,,,,52.857,1233.17113116762,26.0453578387238,1.708954,,,,,113.5521,77.3601902971188,629.158292780155,2.963787,,,,
clover-finance,25327010,3448184.0,34133729.0,598,1389952.329117,7104.75680954933,8776.32870351179,0.35016,25767472.7,80318.3478575617,35752.8699497183,0.146413,,,,,1771678.53207,846.962895976016,7125.05313351773,0.438212,687217.8459,3658.90765651355,1518.68584760356,0.233645,1268719.4,2420.539545,15505.208785,0.292398
fc-barcelona-fan-token,25293687,4527398.0,90913434.0,599,,,,,763518.92,65992.5876239221,27765.3864341007,0.175131,628.95,91.2827784255527,201.41453039008,1.929863,,,,,,,,,,,,
concierge-io,25031101,458032.0,48264771.0,602,79643.876426069,11239.085884589,8577.98934685047,0.559694,350756.8,50959.0562689032,28151.2738969502,0.207039,4770.19,1176.94559841969,965.740758875011,0.826446,,,,,42118.1189,11918.8633202518,11636.5632791274,0.249581,,,,
telos,24670092,1255671.0,24095219.0,606,4004509.6328094,556.241056278267,5277.00328510398,0.261818,,,,,,,,,,,,,2153425.6158,7450.97550977331,10219.1586695829,0.16,,,,
zebec-protocol,24367111,12080193.0,69610648.0,609,86057633.440154,9703.7955058099,4454.85246748784,0.042759,,,,,,,,,482077149.07343,7983.1691709335,2805.95136036102,0.214931,5327702.017,285.241448164658,190.196936394147,0.142653,,,,
forta,23502887,297844.0,99644375.0,616,193677.88695314,1794.76500498988,2840.57593113217,0.130877,,,,,67485.81,11.2954049948956,10.0090990262302,0.504541,,,,,72934.0077,3334.13772151973,4970.66875093632,0.100705,389617.93,6786.950941,9825.05331,0.201207
nest,23466787,9098137.0,39575277.0,617,5655867.5462014,36.0886990063629,234.702024013188,0.0499,,,,,,,,,,,,,,,,,,,,
keep3rv1,23360119,1764788.0,23360119.0,619,,,,,11874.21,78833.4195761629,29632.4563236462,0.168421,,,,,343.401996,1834.161556799,3211.34713399559,0.376884,,,,,,,,
pluton,23096146,205200.0,106184707.0,623,,,,,,,,,,,,,,,,,8708.9876,5751.97383869895,6562.8514262763,0.202616,8401.53,7863.999900000002,517.3643000000001,1.478743
goldfinch,23085675,538213.0,44324759.0,624,71801.35752602,687.68052674371,503.097155045851,0.154162,,,,,,,,,,,,,,,,,87921.2,587.299174,5062.080225000001,0.206612
melon,23018464,2426363.0,37510600.0,625,2836.63987565,6720.42536297013,8916.71941999988,0.547307,57933.042,59244.4055748643,39834.7978529584,0.063131,,,,,2228.200421,1014.94284031167,4836.96537418748,0.503778,,,,,7893.171,16655.7295,25605.78172,0.191449
apollox-2,23014557,1343156.0,529574644.0,626,650077.90529205,87.003703143438,796.677628023012,0.528801,,,,,,,,,,,,,,,,,,,,
guildfi,22280978,346359.0,50740964.0,633,508424.1716066,636.216266015306,423.918717859169,0.785855,,,,,,,,,748165.364022,4360.70478884807,3674.39492407659,0.177725,,,,,,,,
benqi,22277625,6651796.0,39510212.0,631,,,,,783991821.0,119504.063174009,38543.4567345264,0.181488,,,,,,,,,20440461.9516,9496.69663030234,6621.16183948742,0.27248,17234998.0,1986.134443,4784.168199,0.561391
petals,21519480,18295.4,152350529.0,641,11954025.678375,54.9220512219414,1591.22255277517,0.615022,,,,,,,,,,,,,,,,,,,,
havah,21371961,236530.0,245368642.0,643,,,,,,,,,9467371.55,3687.82491592824,1078.04995382821,0.486224,,,,,,,,,,,,
sidus,21357718,524453.0,27085981.0,644,241491777.175,172.386747034731,1732.93842405262,0.066763,,,,,7419103.18,998.3748229886,1489.33255714907,0.735294,,,,,42248169.6157,450.159422744088,4467.20860470723,0.553097,,,,
adex,20975096,4709627.0,22070138.0,649,,,,,12570358.0,41929.4383637689,59996.6003036084,0.067935,,,,,,,,,460950.7904,8967.4102237007,2917.957675131,0.271003,,,,
paraswap,20760658,218867.0,55016584.0,651,727749.15966879,2140.14275495184,1131.84239039624,0.013627,,,,,37021.25,1452.83573964288,1874.8715703861,0.508702,,,,,,,,,,,,
paris-saint-germain-fan-token,20568710,4799778.0,59823346.0,652,10539.939883667,8939.48825055936,8238.5464334497,0.600133,637992.51,46092.3918191582,39805.6295373392,0.166113,998.08,401.312877699798,455.094850782621,0.407811,,,,,,,,,,,,
metahero,20510683,725635.0,26074405.0,653,10008308.953105,2392.71718026902,2317.94854634718,0.185874,,,,,208590.03,89.8557512247338,5.56738859178886,2.296296,,,,,15829417.6563,1076.59465741502,3403.96118773918,0.405754,,,,
metahero,20510683,725635.0,26074405.0,653,10008308.953105,2392.71718026902,2317.94854634718,0.185874,,,,,208590.03,89.8557512247338,5.56738859178886,2.296296,,,,,15846236.8989,949.401630267302,2930.27096384596,0.55371,,,,
coin-capsule,20374826,357400.0,37200755.0,655,,,,,,,,,454291.12,741.085215477076,1258.47509474963,0.686255,,,,,,,,,,,,
nuls,20123091,1358474.0,40437758.0,662,114724.38475862,8885.07347446936,5917.76449659733,0.516796,1520795.0,88786.8408961713,19176.6309436644,0.155682,,,,,660008.918501,4025.00143880552,2771.20987257852,0.207254,,,,,,,,
alpine-f1-team-fan-token,20111709,5041425.0,70815878.0,660,21055.87293999,5130.15301999566,5182.67068402614,0.49816,1910453.3,77819.3731412844,61602.5894027389,0.169205,,,,,,,,,10090.9578,2410.0597537338,1616.93048810531,0.786517,,,,
alpine-f1-team-fan-token,20111709,5041425.0,70815878.0,660,21055.87293999,5130.15301999566,5182.67068402614,0.49816,1910453.3,77819.3731412844,61602.5894027389,0.169205,,,,,,,,,10090.9578,2410.0597537338,1616.93048810531,0.786517,,,,
gamefi,19643945,132968.0,35220888.0,667,,,,,,,,,,,,,,,,,26604.0333,2993.77827775131,740.92627276878,0.084424,,,,
stader,19614059,1265501.0,92834177.0,668,27776.17120979,8545.41827093378,18833.9601783303,0.01601,,,,,10605.0,472.413917279371,3327.01806290478,0.654638,31280.66195,7487.35427318548,13904.0222807396,0.015957,689.7508,5908.42128866074,13423.3143181959,0.016036,,,,
boson-protocol,19481681,862117.0,36006493.0,669,356304.09180963,2592.39173623445,2475.52369946667,0.507328,,,,,,,,,,,,,399572.24418177,1914.20373303912,3417.90892864533,0.56338,,,,
onbuff,19263308,614143.0,19758855.0,676,1060965.8905849,53.3919719869062,485.107393409147,0.596659,,,,,,,,,,,,,,,,,,,,
redfox-labs-2,19235575,252793.0,21219318.0,677,3854827.1160355,1620.06582688805,7572.44420708708,0.08401,,,,,,,,,,,,,4269638.1528,21441.0380054194,5890.78870607778,0.08427,,,,
yield-app,19098990,249516.0,23574622.0,679,,,,,,,,,,,,,,,,,1483162.2297,2429.01362184305,3105.43628292608,0.036442,,,,
taraxa,19083143,720596.0,52994876.0,680,18227994.058133,540.839657177853,2614.55590952732,0.427517,,,,,,,,,,,,,64302622.9199,5221.8223994897,4780.9330082044,0.490359,,,,
voxies,18926897,5212370.0,47294421.0,683,3205202.00915,9144.50649670108,14262.448654609,0.119791,14050232.7,26460.2376616271,36756.034662897,0.126984,,,,,,,,,381432.9127,1718.55411416445,3625.15590842274,0.189155,507641.41,12153.091267,8826.221744999999,0.128617
cosplay-token-2,18629215,183345.0,22160883.0,690,,,,,,,,,2264697.79,710.036519015959,5198.13245791362,0.209373,,,,,,,,,,,,
orion-protocol,18618244,979931.0,54070815.0,691,62487.367316303,7000.39350704703,5171.68938923156,0.497329,709908.8,93398.1959110437,17734.8215783307,0.074033,,,,,,,,,47707.4516,4083.81055847911,3101.33945571265,0.313364,22741.13,2529.157610000001,2456.61244,0.554529
swarm-bzz,18304756,585549.0,18304756.0,695,51979.765658667,2835.70897626517,3890.83185464044,0.247248,,,,,,,,,136061.906625,7549.44772354624,6935.47220197067,0.236726,,,,,,,,
bitcicoin,18266790,634322.0,238642741.0,696,8667023.3154294,224.02178381258,213.918696400305,0.139585,,,,,,,,,,,,,,,,,,,,
aurory,18263720,94885.0,41749448.0,699,,,,,,,,,,,,,,,,,68852.5598,2433.75560572847,3176.77207054245,0.406893,,,,
velo,18126468,4468488.0,58864251.0,698,168455422.68842,5967.15793421508,14837.5000656467,0.080321,,,,,5143440.62,307.797837498446,114.971405379097,1.230517,210459846.323044,869.475097657198,21896.2177416274,0.08,,,,,,,,
vaiot,17935611,909503.0,25151827.0,701,5230091.9114183,390.368490132848,1803.60221759487,0.398419,,,,,,,,,,,,,1971607.323,914.462237905054,26089.2738825458,0.260622,,,,
velas,17897444,1295355.0,17897444.0,702,4173366.7991442,220.509321729105,653.543151982622,0.561798,,,,,,,,,,,,,2561653.4446,714.67160645892,762.274561160645,0.338983,,,,
velas,17897444,1295355.0,17897444.0,702,4179980.8696425,183.453702134636,602.309881631772,0.70028,,,,,,,,,,,,,2561653.4446,714.67160645892,762.274561160645,0.338983,,,,
rebel-bots,17770488,90994.0,20793675.0,705,559565.58651416,655.115406275848,46.14027027291,0.457339,,,,,,,,,,,,,,,,,,,,
derace,17724786,370357.0,19435072.0,707,400640.20940988,2573.44534023071,20671.2656998603,0.326154,,,,,,,,,,,,,366447.7815,6568.75131840576,6431.30954892014,0.184729,,,,
ecox,17588138,17540.91,269132641.0,712,49528.62977325,3655.13423431394,2523.38703280019,0.237706,,,,,368.96,2121.77232625573,1010.94884913991,0.518327,,,,,6292.7609,2166.21048321972,1344.24499264624,0.222883,,,,
manchester-city-fan-token,17363830,2824957.0,57635826.0,714,11998.13786143,9007.95862395745,8857.18210885769,0.82659,452196.69,72489.3489063492,46892.7084404781,0.174459,764.7,311.369846140268,14.5144510591731,2.347337,6454.7885,1520.37512603155,3177.79497159981,0.830698,,,,,,,,
findora,17349247,589464.0,36176286.0,715,42014444.44768,153.708072333305,1751.08472137677,0.295481,,,,,,,,,,,,,85699363.7,213.479799683831,18042.340058962,0.398614,,,,
dejitaru-tsuka,17222341,295117.0,17222341.0,716,1584004.7804306,282.449280941941,490.425187838406,0.458453,,,,,,,,,,,,,,,,,,,,
rmrk,17110951,58739.0,18011528.0,719,17818.09289825,956.40276662801,554.294408414111,0.702783,,,,,,,,,,,,,10524.0789,2296.4827274867,12034.5392963931,0.015549,,,,
marcopolo,16947446,226276.0,76044534.0,722,,,,,,,,,,,,,,,,,5518225.5634,1513.52147698968,923.279384472121,0.131752,,,,
veloce-vext,16886876,3194021.0,135027288.0,724,813936.89642549,245.915789416914,34.8744332277967,0.631244,,,,,737594.14,264.08108157747,700.370483843324,1.140266,,,,,,,,,,,,
xen-crypto,16598709,4471219.0,16601961.0,729,,,,,,,,,,,,,,,,,186403925793.553,1540.78643375672,3838.46579802696,0.526316,,,,
lybra-finance,16545391,804810.0,100566705.0,730,51493.90341335,519.638612652366,562.633292015538,0.89946,,,,,,,,,257167.5902,3826.3518778435,6373.3788164845,0.56391,29064.7292,2543.29287152568,2544.83114384014,0.394477,,,,
lybra-finance,16545391,804810.0,100566705.0,730,51493.90341335,519.638612652366,562.633292015538,0.89946,,,,,,,,,257167.5902,3826.3518778435,6373.3788164845,0.56391,30592.4085,1727.878462286,906.875285570143,0.0999,,,,
kava-lend,16312118,619688.0,24203451.0,738,235555.66156883,2372.08167868647,6036.95387406788,0.412201,2359916.0,27598.0349844386,20850.2801316212,0.247934,,,,,,,,,36586.7927,6119.70244260283,9682.83283640174,0.740558,,,,
kava-lend,16312118,619688.0,24203451.0,738,235555.66156883,2372.08167868647,6036.95387406788,0.412201,2359916.0,27598.0349844386,20850.2801316212,0.247934,,,,,,,,,36586.7927,189.065723236439,1389.70845073466,0.559395,,,,
gamium,16270951,238017.0,16722818.0,739,250098969.61808,294.572830692196,2451.09735871274,0.681387,,,,,,,,,,,,,51520642.0742,705.216588711724,849.737541059333,0.152174,,,,
airswap,15953899,574844.0,44295505.0,744,448725.78356566,6188.87032652508,1920.06571826934,0.938178,2111086.0,76466.790839944,18155.8011257128,0.225734,,,,,74667.062653,429.289119049426,2935.54706792486,0.88964,,,,,312925.4,4375.02356,15591.17401999999,0.333704
hydra,15923088,743749.0,,745,54835.8531541,447.444144196203,56.8171481613389,0.607582,,,,,,,,,,,,,826166.9323,4493.24837091757,2966.29335579887,0.276425,,,,
shiba-predator,15748251,125725.0,26247085.0,748,,,,,,,,,,,,,1434018225747.0,391.19800802905,205.743963793049,0.531511,,,,,,,,
samoyedcoin,15702677,769224.0,18376011.0,749,11659891.430386,1206.21442989753,1395.53717311296,0.234857,,,,,,,,,57205285.097409,3253.0341090252,7830.7854376077,0.517331,,,,,,,,
mxc,15623408,1886651.0,17083451.0,753,7860701.2868098,1153.38779718817,1305.09920028394,0.202745,,,,,,,,,7302505.33369,5360.07009638734,3982.38521116179,0.451784,91383.8623,109.17275052746,120.990164781847,0.674374,4706531.5,1233.066686,3726.103379,0.625
across-protocol,15385050,251208.0,54081434.0,758,639714.34338493,551.736333290599,149.678819630235,0.511602,,,,,,,,,,,,,,,,,,,,
zer0zer0,15380621,37158.0,66099624.0,761,81675.52367147,513.387973503657,338.030514088218,0.270921,,,,,,,,,,,,,97680.5029,357.493535174069,234.929237946069,0.304414,349530.28,3278.190497,4228.486151999999,0.301205
enjinstarter,15203339,217466.0,20502037.0,763,9191504.6329388,1023.59205313041,103.706956378926,0.366659,,,,,,,,,,,,,,,,,,,,
fsn,15189698,316421.0,16456293.0,764,,,,,,,,,,,,,94957.682276,752.759250297825,1972.66378520754,0.736016,94395.1811,175.87182751477,36.5966548150855,1.235788,,,,
saito,15042202,82115.0,56427548.0,770,1917046.9616696,222.83725397394,7211.10438469411,0.113733,,,,,,,,,,,,,,,,,,,,
media-licensing-token,14997796,484628.0,20488588.0,771,631876.06649878,782.780675623234,1444.35961910556,0.029357,,,,,,,,,,,,,,,,,,,,
optimus-ai,14923374,766366.0,14923374.0,773,813726.07721113,174.348630944009,879.87824881608,0.733496,,,,,,,,,,,,,,,,,,,,
veed,14827866,7422.42,266382837.0,777,,,,,,,,,,,,,,,,,4088942.7633,86.5606550684465,398.341405033503,0.091241,,,,
proton,14756700,1136588.0,18302694.0,778,57089644.558122,485.577179494129,2267.19475000361,0.153139,,,,,,,,,30980170.26963,1918.13113580875,1201.18040119776,0.368098,560817185.4762,1879.31652554926,6273.34081381019,0.030581,,,,
vidt-dao,14726739,1103840.0,19125352.0,779,,,,,45050048.0,85092.8645858216,43628.6537153397,0.156413,,,,,,,,,492120.739,1344.23654710799,1910.47982597342,1.092044,,,,
propy,14724773,776637.0,25432884.0,781,,,,,,,,,,,,,,,,,,,,,1317664.67,1998.044893,2017.698688,0.742188
crust-network,14486504,310205.0,15469072.0,785,88724.061925706,307.421765690119,5382.66623065571,0.680943,,,,,,,,,,,,,,,,,,,,
velodrome-finance,14325220,1112715.0,50955118.0,787,838604.05048494,1120.32207184205,1645.70928846406,1.31936,,,,,,,,,8668730.2705,14364.9476325803,10051.7925148025,0.475952,,,,,,,,
hopr,14302442,279907.0,36694502.0,788,753171.67661627,18.0061001250349,1496.30042297971,0.108401,,,,,,,,,,,,,,,,,199640.0,32.33083,3574.87012,1.078167
cudos,14062202,279976.0,21754289.0,792,24051045.942225,1204.87214716594,1033.11882008803,0.397405,,,,,,,,,,,,,26812304.9749,1756.6462118647,2124.10996402238,0.138249,,,,
dogechain,14008819,823516.0,103951487.0,794,336438079.0766,5561.92569207054,1263.00089942175,0.526402,,,,,,,,,,,,,453113230.6492534,2406.04548102843,5537.97808843788,0.504202,,,,
mantra-dao,13979975,1122826.0,17763580.0,795,1461157.3370135,7197.97385314527,9396.4850522814,0.490075,16049262.0,66327.3908183056,27296.0865380106,0.0499,,,,,5491641.480467,1461.46255132998,6147.38172570016,0.24888,72949.1634,1226.68278116476,1694.79503331063,0.445545,,,,
tenet-1b000f7b-59cb-4e06-89ce-d62b32d362b9,13948550,2382425.0,93246872.0,797,636190.72677599,3873.479840472,3832.15446148607,1.001287,,,,,3024979.49,6300.86665636212,7473.09495514529,0.382995,,,,,3525656.9692,1721.31001902284,2642.50969918549,0.076687,,,,
cere-network,13934939,354133.0,31108244.0,796,19703473.683105,321.780726182727,1320.56746062681,0.224359,,,,,,,,,,,,,4221854.6759,385.011204197268,3413.7779159485,0.12837,,,,
hackenai,13845729,691701.0,21433713.0,800,,,,,,,,,,,,,,,,,1548943.9706,821.711091085467,535.0931936794,0.091785,,,,
gyen,13837272,2798.49,13837272.0,801,,,,,,,,,,,,,,,,,,,,,385918.0,1022.289015,64908.659785,0.26639
chaingpt,13828062,4321107.0,51445171.0,799,5251438.2803601,1671.70656912803,1973.25304704948,0.778665,,,,,4262619.42,977.484085566559,3345.71983724144,0.072154,,,,,5231334.3966,1654.08534373651,1161.29919372896,0.255445,,,,
solve-care,13781643,1136905.0,21040676.0,803,,,,,,,,,,,,,,,,,6936738.0517,697.489213503838,1943.19287287073,0.680934,,,,
serum,13634823,1237168.0,371647035.0,806,7868045.4615503,10367.1021689396,2588.83003917828,0.136761,,,,,878987.42,1536.99818480065,647.999341044596,0.817439,,,,,5450211.832,1318.19142936639,2554.80275602846,0.876029,,,,
hegic,13614741,529567.0,13614741.0,807,,,,,,,,,,,,,,,,,538737.3897,742.00944424287,145.679413926052,0.60634,,,,
aleph,13327878,222873.0,35744620.0,812,49646.298421513,2417.25284075827,2369.86462817004,0.195285,,,,,,,,,,,,,14574.515,3308.94964989274,2756.71611397914,0.196576,42325.8,8660.980669999997,7270.753410000001,0.140056
everdome,13283924,774562.0,53725514.0,814,82972394.299886,1371.34441911603,659.307527071614,0.739372,,,,,54363323.55,571.154862100593,411.221184277708,0.371058,916156479.371,8060.38391170535,1001.48110618696,0.259115,,,,,,,,
polyswarm,13150062,312299.0,14364241.0,819,,,,,,,,,,,,,,,,,,,,,7882130.0,983.65331,1895.39991,0.258398
stratos,13094307,215419.0,48474726.0,823,79625.71052168,1312.15774056668,4891.21879025387,0.351187,,,,,,,,,,,,,,,,,,,,
dimo,13080837,61004.0,88918401.0,824,,,,,,,,,,,,,,,,,,,,,343750.2,2937.847274,23329.662517,0.011242
pepe-2-0,13047044,9850609.0,13047044.0,825,,,,,,,,,5731662530328.2,627.647789037645,2901.20208808198,0.739924,,,,,69222317884723.25,14379.7757125901,11200.1994423977,0.188857,,,,
juventus-fan-token,12917480,22160306.0,43207353.0,827,54094.0827627,7020.50863502088,6567.83091501145,0.832601,3052472.44,21254.6325888151,85273.1120596403,0.139147,15364.23,1308.29059080944,501.319633956583,0.580477,,,,,,,,,,,,
juventus-fan-token,12917480,22160306.0,43207353.0,827,54094.0827627,7020.50863502088,6567.83091501145,0.832601,3053826.41,21254.6325888151,85273.1120596403,0.139147,15364.23,1308.29059080944,501.319633956583,0.580477,,,,,,,,,,,,
galatasaray-fan-token,12796883,894701.0,18296559.0,830,,,,,,,,,400.76,645.916846658167,571.457331965971,2.263903,5875.6699,749.241092293271,494.87187678114,0.435019,,,,,,,,
arsenal-fan-token,12641176,1413342.0,51934394.0,834,,,,,,,,,25019.39,828.543015589473,11.4804568353109,0.017739,,,,,,,,,,,,
drep-new,12619902,931414.0,25893619.0,832,120041.3617209,10104.8040546079,10545.9624357231,0.152788,1672470.0,49593.3478713688,30402.9724874133,0.154739,,,,,,,,,,,,,51601.28,2294.631015,2944.058283,0.232019
buying,12432475,307545.0,20215597.0,837,1696644.389437,6.02046100450435,2607.99688655025,0.153109,,,,,,,,,,,,,,,,,,,,
cream-2,12318811,1467137.0,144636975.0,840,,,,,72932.244,48909.5227170634,100503.922799601,0.062189,,,,,,,,,2208.6617,1476.39874904796,3333.09779117675,0.391377,,,,
cream-2,12318811,1467137.0,144636975.0,840,,,,,72841.163,48293.4329797631,98944.7095913391,0.062189,,,,,,,,,2208.6617,1476.39874904796,3333.09779117675,0.391377,,,,
shiden,12171800,458568.0,16614024.0,843,54832.0348267,1603.77614077212,904.84157795968,0.014953,,,,,,,,,,,,,,,,,,,,
camelot-token,11942437,1998708.0,75457333.0,849,,,,,,,,,,,,,,,,,13.1424,575.944943533322,8.30536748540039,1.517739,,,,
aioz-network,11940403,278306.0,12703231.0,846,3093035.954501,572.788458002943,234.027915253091,1.472513,,,,,,,,,,,,,1137434.0305,784.126510361836,1972.22806973219,0.577558,1746846.2,4205.16383,1110.18608,0.826446
sovryn,11887087,72433.0,31545501.0,851,86111.56705605,2144.3893447588,1563.72072600359,0.498643,,,,,,,,,,,,,,,,,,,,
nimiq-2,11784983,369643.0,21879172.0,853,19153860.570752,2420.75854138707,1264.72474323302,0.01962,,,,,,,,,,,,,20145790.2539,918.528318620829,5558.82347703704,0.13355,,,,
math,11654807,173663.0,13611182.0,856,388258.61285802,4067.13039575371,2851.32964837233,0.513648,,,,,,,,,,,,,,,,,37290.8,2218.18991,2515.70598,1.451379
wirex,11625916,263517.0,50536476.0,858,6312883.0596861,1059.15547861292,2464.23690248834,0.276789,,,,,,,,,32071922.161727,3516.35057054976,9193.66182486967,0.019767,,,,,,,,
hathor,11597499,470783.0,40634926.0,862,859181.80550283,709.137539955112,1410.13400078708,0.192349,,,,,,,,,,,,,2204866.1639,835.595411925846,7091.70506384506,0.385027,,,,
cheqd-network,11407951,115532.0,36062188.0,867,657047.5432332,1148.81650419271,500.446614029775,0.270262,,,,,,,,,,,,,,,,,,,,
ovr,11390350,793257.0,19972973.0,870,789212.61916029,475.528526932772,1006.73423348771,0.404676,,,,,,,,,,,,,534193.3026,1177.81362076308,3135.9884071911,0.045249,,,,
poolz-finance-2,11313864,1371101.0,13246089.0,874,11714.01611,460.073933184571,898.287089095969,0.104393,,,,,,,,,,,,,,,,,,,,
vectorspace,11253137,42653.0,14817701.0,875,,,,,,,,,,,,,,,,,103457.7392,1815.24351540877,2663.56924839955,0.1001,,,,
xana,11203508,1362890.0,35866529.0,877,7339112.9490071,688.952494601411,2294.63217210647,0.39632,,,,,1638910.46,38.3606874930393,222.81590706987,3.585549,69608498.1323,1006.10037272662,12577.6309823908,0.763889,17125175.6587,18.8741609884886,74.0727710508617,0.694444,,,,
ac-milan-fan-token,11131317,4773010.0,37481984.0,879,,,,,945437.8,38810.0801222724,50690.3801722058,0.10661,8350.7,588.87165716746,177.076625532579,1.746679,,,,,,,,,,,,
presearch,11050312,80651.0,13932063.0,882,,,,,,,,,,,,,,,,,2200462.2455,2547.56626024064,1107.22813155757,0.201077,,,,
alkimi,10985074,144317.0,20215685.0,892,177603.74818874,2819.59632526868,4095.75401838475,0.1221,,,,,,,,,,,,,1096357.9713,4942.44721809232,4230.3768938975,0.1221,,,,
altered-state-token,10835473,429320.0,35611255.0,889,1334834.9631452,2566.07892041581,920.609536877315,0.013926,,,,,,,,,,,,,,,,,,,,
galaxia,10510880,441397.0,40971059.0,909,3458710.6681759,14.5351761212581,7699.72301851554,3.11571,,,,,,,,,,,,,,,,,,,,
numbers-protocol,10504298,639410.0,21440678.0,910,3688864.0209869,177.418219247484,408.793678604916,0.861111,,,,,,,,,,,,,2716430.7837,737.551047928191,1679.18701175126,0.651163,,,,
dimitra,10398713,280085.0,26199896.0,913,3937433.0816696,1812.58956083302,2276.42312535223,0.42464,,,,,,,,,,,,,5649197.7321,2489.52008841056,2006.99262036666,0.385761,,,,
concentrated-voting-power,10368358,2036777.0,32011698.0,914,148488.37148407,4228.80948566913,6771.57208880693,0.382689,1059797.9,29663.3774075929,22137.5881265035,0.124649,,,,,103563.646029,1516.96294910069,5858.87618741284,0.870647,,,,,,,,
rarible,10300082,394217.0,22238961.0,917,,,,,,,,,,,,,,,,,,,,,20679.209,13793.99552,1216.33588,1.075269
chronobank,10167242,247852.0,10167242.0,921,2000.22151983,156.013685580771,896.142676053827,0.139334,,,,,129.19,,,5.420377,,,,,2674.3661,1049.23714084257,2064.88728527152,0.160805,2433.727,2562.00535,89948.93548,0.631136
chronobank,10167242,247852.0,10167242.0,921,2005.33910144,166.386773461912,897.519130370466,0.9535,,,,,129.19,,,5.420377,,,,,2674.3661,1049.23714084257,2064.88728527152,0.160805,2433.727,2562.00535,89948.93548,0.631136
cult-dao,10007197,371280.0,15614172.0,926,,,,,,,,,435126400.17,4.02715948459859,580.085485072658,2.393952,,,,,2954738318.3368,56.7778432225634,1277.68377669177,0.171895,,,,
newscrypto-coin,9934760,69684.0,16432475.0,927,462968.33000812,586.212446980476,68.8854825272752,0.737964,,,,,,,,,,,,,199716.2566,4688.73786404998,1500.59894023092,0.921934,,,,
alephium,9928123,40154.0,190409520.0,928,166177.48297974,565.76594302929,544.399488674068,0.010502,,,,,,,,,,,,,,,,,,,,
fuse-network-token,9898036,621129.0,14631555.0,932,601007.19347054,1256.34975160772,3539.65039622036,0.390625,,,,,,,,,,,,,,,,,,,,
bitcoin-diamond,9892779,46614.0,11041230.0,931,531516.64351566,151.415735804608,2067.37100740255,0.342792,,,,,,,,,,,,,,,,,,,,
trustswap,9883975,288954.0,9884453.0,933,490586.06556574,2810.57335539428,2914.33548630308,0.040523,,,,,,,,,,,,,,,,,,,,
handshake,9756052,54029.0,32430899.0,937,1437427.3857584,116.062840603375,736.765529762378,0.229344,,,,,,,,,,,,,,,,,,,,
swftcoin,9727306,1775030.0,10857580.0,939,30481946.559127,687.45758520158,1519.82634000424,1.281352,,,,,,,,,132100195.334433,4360.80055897473,8705.64339926528,0.274474,,,,,32610090.0,3150.965649,18688.140717,0.362976
kleros,9573826,263494.0,10178912.0,944,,,,,,,,,,,,,5735163.10168,0.139389705771601,268.373494826657,2.761194,,,,,,,,
parsiq,9509227,224526.0,15925471.0,946,847488.4738577,844.424281492666,508.167045017934,0.803213,,,,,,,,,166603.003742,116.204009116098,1827.03619162398,1.148307,574830.156,1945.35670910018,174.92459986102,0.176367,701678.5,1064.58279,2637.39846,0.790514
bscpad,9356592,120982.0,20742127.0,947,243295.64515934,634.348406648353,1.99925142531101,0.33557,,,,,,,,,,,,,,,,,,,,
outer-ring,9244705,2592703.0,17409588.0,957,78225726.593324,125.356271176605,1432.86862777127,0.109315,,,,,,,,,,,,,,,,,,,,
crypto-gladiator-shards,9210045,115133.0,18410884.0,959,,,,,,,,,,,,,19077334.81,429.296144659761,1825.28947915971,0.75643,,,,,,,,
argentine-football-association-fan-token,9111529,1483100.0,15269511.0,960,,,,,,,,,,,,,27664.0622,964.379141040713,584.708585529742,1.518553,,,,,,,,
inter-milan-fan-token,9050750,636294.0,37672168.0,965,,,,,,,,,7368.8,275.984897469822,5744.34769157613,0.544116,,,,,,,,,,,,
turbo,9036406,3008337.0,9036406.0,966,2110845317.4284,3140.37113466582,3983.75956498482,0.688611,,,,,,,,,3157634770.26,2595.75505270027,14801.0649392984,0.359437,,,,,,,,
scallop,9033347,1372186.0,13922508.0,967,1400888.9309568,377.532644790113,1037.83403695369,0.651023,,,,,,,,,,,,,1051079.2719,3143.45856482018,791.57899640126,0.286328,,,,
scallop,9033347,1372186.0,13922508.0,967,1400888.9309568,377.532644790113,1037.83403695369,0.651023,,,,,,,,,,,,,1059829.2667,2674.79704432894,822.773487919119,0.715308,,,,
nodle-network,8765258,113425.0,68205473.0,973,8883360.6907962,233.119128318054,165.472710055316,0.246305,,,,,,,,,,,,,,,,,,,,
tamadoge,8695616,947094.0,16567285.0,976,8073957.3758388,231.081984024497,1328.93623383878,0.975786,,,,,2151231.19,462.263973480314,644.005836152161,1.077844,88358153.74,2146.91373458364,2313.02309743787,0.180766,,,,,,,,
clearpool,8679476,254632.0,19510265.0,977,2384408.5296904,149.813255091409,207.287294305141,0.412159,,,,,,,,,,,,,2135788.634,405.113699484543,1526.62057206408,0.360639,,,,
octopus-network,8626137,648278.0,10959539.0,979,263966.46530622,538.620933831661,141.841881682783,0.090744,,,,,,,,,,,,,,,,,,,,
zkspace,8589979,581925.0,38442513.0,981,768622.67845678,3280.903809913,2121.24266086562,0.406451,,,,,,,,,577637.443238,577.437401543906,10422.0746559987,0.052138,,,,,,,,
phantasma,8356091,183203.0,8356091.0,985,,,,,,,,,,,,,,,,,1917598.1602,1125.3941867687,902.57467828474,0.087977,,,,
divi,8248862,124430.0,,989,,,,,,,,,,,,,,,,,15030640.6307,980.962521629115,227.738930039974,0.345462,,,,
flamengo-fan-token,8137686,197992.0,14721951.0,992,57468.60632323,56.3825895904063,290.434739197388,0.240286,,,,,,,,,144183.6045,667.184815229576,1437.34773542875,0.951989,,,,,,,,
undead-blocks,7982583,136164.0,29565123.0,998,1590754.0697564,71.4575922205193,59.0703884187749,0.631754,,,,,,,,,,,,,,,,,,,,
kryll,7977681,74621.0,10795726.0,999,129833.57266702,1306.30875457227,1415.45877910335,0.89465,,,,,248.9,674.713481604088,682.152947638263,0.501367,,,,,43787.3535,1713.95782145869,5152.36613713879,0.429439,13042.9,2988.29617,2791.35571,0.738007
